{
  "HTTP Request-1" : {
    "transaction" : "HTTP Request-1",
    "sampleCount" : 10,
    "errorCount" : 0,
    "errorPct" : 0.0,
    "meanResTime" : 1338.7,
    "medianResTime" : 920.5,
    "minResTime" : 860.0,
    "maxResTime" : 3006.0,
    "pct1ResTime" : 2958.2000000000003,
    "pct2ResTime" : 3006.0,
    "pct3ResTime" : 3006.0,
    "throughput" : 1.0695187165775402,
    "receivedKBytesPerSec" : 31.240808823529413,
    "sentKBytesPerSec" : 0.11906751336898397
  },
  "Total" : {
    "transaction" : "Total",
    "sampleCount" : 30,
    "errorCount" : 0,
    "errorPct" : 0.0,
    "meanResTime" : 1009.4333333333333,
    "medianResTime" : 920.5,
    "minResTime" : 122.0,
    "maxResTime" : 3418.0,
    "pct1ResTime" : 2653.1000000000004,
    "pct2ResTime" : 3191.3999999999996,
    "pct3ResTime" : 3418.0,
    "throughput" : 3.073140749846343,
    "receivedKBytesPerSec" : 61.23793152018029,
    "sentKBytesPerSec" : 0.4561693300553165
  },
  "HTTP Request-0" : {
    "transaction" : "HTTP Request-0",
    "sampleCount" : 10,
    "errorCount" : 0,
    "errorPct" : 0.0,
    "meanResTime" : 174.6,
    "medianResTime" : 151.5,
    "minResTime" : 122.0,
    "maxResTime" : 409.0,
    "pct1ResTime" : 385.5000000000001,
    "pct2ResTime" : 409.0,
    "pct3ResTime" : 409.0,
    "throughput" : 1.1289230074508918,
    "receivedKBytesPerSec" : 0.7677558421765636,
    "sentKBytesPerSec" : 0.12568088168886882
  },
  "HTTP Request" : {
    "transaction" : "HTTP Request",
    "sampleCount" : 10,
    "errorCount" : 0,
    "errorPct" : 0.0,
    "meanResTime" : 1515.0,
    "medianResTime" : 1081.5,
    "minResTime" : 1020.0,
    "maxResTime" : 3418.0,
    "pct1ResTime" : 3342.9000000000005,
    "pct2ResTime" : 3418.0,
    "pct3ResTime" : 3418.0,
    "throughput" : 1.0243802499487809,
    "receivedKBytesPerSec" : 30.618965760090145,
    "sentKBytesPerSec" : 0.22808466502765826
  }
}